Day,Time,Speed
1,1070,5020715.399548809
1,1079,5020715.399548809
1,1080,5020715.399548809
1,1092,5020715.39954881
1,1093,5020715.39954881
1,1094,5020715.399548809
1,1095,5020715.399548809
1,1096,5020715.399548809
1,1098,5020715.399548809
1,1100,5020715.399548809
1,1101,5020715.39954881
1,1102,5020715.399548809
1,1103,5020715.399548809
1,1104,5020715.399548809
1,1105,5020715.399548809
1,1106,5020715.399548809
1,1107,5020715.399548809
1,1108,5020715.39954881
1,1110,5020715.39954881
1,1111,5020715.399548809
1,1112,5020715.399548809
1,1113,5020715.399548809
1,1114,5020715.399548809
1,1115,5020715.39954881
1,1116,5020715.399548809
1,1117,5020715.399548809
1,1118,5020715.399548809
1,1119,5020715.399548809
1,1120,5020715.399548809
1,1121,5020715.399548809
1,1122,5020715.399548809
1,1123,5020715.399548809
1,1124,5020715.399548809
1,1125,5020715.399548809
1,1126,5020715.399548809
1,1127,5020715.399548808
1,1128,5020715.399548809
1,1129,5020715.39954881
1,1130,5020715.399548809
1,1131,5020715.399548809
1,1132,5020715.399548809
1,1133,5020715.399548809
1,1134,5020715.399548809
1,1135,5020715.399548808
1,1136,5020715.399548809
1,1137,5020715.399548808
1,1138,5020715.39954881
1,1139,5020715.399548807
1,1140,5020715.399548808
1,1141,5020715.399548808
1,1142,5020715.399548809
1,1143,5020715.39954881
1,1144,5020715.399548808
1,1145,5020715.399548811
1,1146,5020715.39954881
1,1147,5020715.39954881
1,1148,5020715.39954881
1,1149,5020715.39954881
1,1150,5020715.399548811
1,1151,5020715.399548808
1,1152,5020715.399548806
1,1153,5020715.399548808
1,1154,5020715.39954881
1,1155,5020715.399548808
1,1156,5020715.39954881
1,1157,5020715.399548811
1,1158,5020715.399548809
1,1159,5020715.399548807
1,1160,5020715.399548806
1,1161,5020715.399548805
1,1162,5020715.399548806
1,1163,5020715.399548805
1,1164,5020715.399548807
1,1165,5020715.399548809
1,1166,5020715.399548805
1,1167,5020715.399548807
1,1168,5020715.399548812
1,1169,5020715.399548812
1,1170,5020715.399548808
1,1171,5020715.399548811
1,1172,5020715.399548813
1,1173,5020715.399548815
1,1174,5020715.399548813
1,1175,5020715.399548811
1,1176,5020715.399548814
1,1177,5020715.399548813
1,1178,5020715.399548813
1,1179,5020715.399548815
1,1180,5020715.399548814
1,1181,5020715.399548811
1,1182,5020715.399548815
1,1183,5020715.39954881
1,1184,5020715.399548804
1,1185,5020715.399548812
1,1186,5020715.399548804
1,1187,5020715.399548805
1,1188,5020715.3995488
1,1189,5020715.399548806
1,1190,5020715.3995488025
1,1191,5020715.399548801
1,1192,5020715.399548797
1,1193,5020715.3995488
1,1194,5020715.399548798
1,1195,4993965.953980179
1,1196,5020715.399548796
1,1197,4755943.356019155
1,1198,4923663.208137811
1,1199,4930269.443568506
1,1200,4571999.280907365
1,1201,4665557.614607762
1,1202,4587371.746482407
1,1203,4444734.811755287
1,1204,4433079.512823177
1,1205,4282659.179542524
1,1206,4143309.9432267044
1,1207,4168174.8505517677
1,1208,4249429.462337417
1,1209,4047195.4189778646
1,1210,4124320.890189315
1,1211,4162769.31924016
1,1212,4067768.118948923
1,1213,4200708.235251802
1,1214,3749382.7880451153
1,1215,3699282.7877250896
1,1216,3841095.3399995454
1,1217,3803966.4205216407
1,1218,3755540.3255258556
1,1219,3704696.063672785
1,1220,3709980.199647261
1,1221,3702749.7680937718
1,1222,3613261.859176478
1,1223,3615825.2076045675
1,1224,3517745.4787728735
1,1225,3559203.4080659244
1,1226,3562726.9881952507
1,1227,3627503.4433313543
1,1228,3488339.988653694
1,1229,3506507.4170125863
1,1230,3399544.0886995387
1,1231,3352287.0078515164
1,1232,3445092.4985380345
1,1233,3415811.023886368
1,1234,3362681.4765760014
1,1235,3533976.3681596494
1,1236,3334363.1112788576
1,1237,3251201.7495441036
1,1238,3320333.684445847
1,1239,3274296.977626361
1,1240,3308916.2024619584
1,1241,3293049.219948955
1,1242,3272697.1914803763
1,1243,3281784.8443022794
1,1244,3246401.0648503928
1,1245,3315277.9701964944
1,1246,3220970.2854581513
1,1247,3187372.832962376
1,1248,3239559.887033601
1,1249,3210195.5554145756
1,1250,3268975.506880186
1,1251,3218186.1812251103
1,1252,3221414.363765262
1,1253,3094123.202332489
1,1254,3216662.259791115
1,1255,3204484.9900653185
1,1256,3136513.136435417
1,1257,3100679.725567307
1,1258,3161229.939591889
1,1259,3176196.3334323443
1,1260,3157630.388222118
1,1261,3087272.858288692
1,1262,3143992.958570515
1,1263,3171932.0882741036
1,1264,3105926.2595584956
1,1265,3029395.4518375993
1,1266,3084401.081711759
1,1267,3161937.0325029916
1,1268,3162142.8421927583
1,1269,3081369.747051317
1,1270,3169934.543308579
1,1271,3178772.325880058
1,1272,3049134.7614533654
1,1273,3169367.7959321956
1,1274,3041390.869908398
1,1275,3108695.8671903764
1,1276,3147389.511437484
1,1277,3137340.6973765558
1,1278,3028979.882097236
1,1279,3103241.4474008214
1,1280,3261899.5483871284
1,1281,3157634.1605612175
1,1282,3143616.5098094065
1,1283,3168907.8902171487
1,1284,3017833.13813425
1,1285,3126621.893785369
1,1286,3133806.726800287
1,1287,3054300.460201328
1,1288,3112892.1603887575
1,1289,3177962.9758916064
1,1290,3110856.6897743116
1,1291,3189194.8900920274
1,1292,3158633.630499951
1,1293,3201875.8546201997
1,1294,3207829.8954439615
1,1295,3143002.20274919
1,1296,3095769.0867388123
1,1297,3087469.912571529
1,1298,3157898.844923202
1,1299,3257657.9555139476
1,1300,3153066.189538414
1,1301,3261370.9916018466
1,1302,3153936.88457436
1,1303,3192895.9250141867
1,1304,3283859.1250367714
1,1305,3180425.2290296713
1,1306,3255218.15118557
1,1307,3349946.284405033
1,1308,3314970.2242485774
1,1309,3278043.372589947
1,1310,3285119.7449563206
1,1311,3413780.1986822393
1,1312,3283493.7665813407
1,1313,3331855.7021821234
1,1314,3354380.02190242
1,1315,3356768.9381914996
1,1316,3431632.142837323
1,1317,3331335.121419205
1,1318,3317738.714688037
1,1319,3410131.1310745873
1,1320,3431510.090630027
1,1321,3358573.194834613
1,1322,3468065.4569676165
1,1323,3385822.246367027
1,1324,3411915.2492477596
1,1325,3458132.6573172593
1,1326,3456896.48902561
1,1327,3410709.5385980653
1,1328,3352426.260404428
1,1329,3384435.3229545997
1,1330,3344933.645308931
1,1331,3177527.113489174
1,1332,3181252.445456466
1,1333,3157337.9747417136
1,1334,3159287.83783664
1,1335,3115687.0174209713
1,1336,3049291.397248849
1,1337,2925900.3503955496
1,1338,2933583.2503988734
1,1339,2930724.278923232
1,1340,2864514.388483774
1,1341,2743323.8739607274
1,1342,2716828.165139143
1,1343,2634280.056333807
1,1344,2525001.6983806663
1,1345,2527410.7292110254
1,1346,2446762.534794843
1,1347,2426663.5815719734
1,1348,2359244.0409210515
1,1349,2301788.114237449
1,1350,2234153.7411008026
1,1351,2181322.1347035817
1,1352,2156599.648572354
1,1353,2123498.3619807693
1,1354,2127319.101495536
1,1355,2078520.147731293
1,1356,2048897.0379752084
1,1357,2018094.0025095763
1,1358,1973521.878810966
1,1359,1900702.2622562193
1,1360,1943759.68760554
1,1361,1872356.7134838554
1,1362,1880774.1547530808
1,1363,1860326.560195379
1,1364,1889686.8082749594
1,1365,1831166.8798909157
1,1366,1841550.8844916332
1,1367,1805348.8358948417
1,1368,1832901.986937735
1,1369,1785653.4801103915
1,1370,1766938.239841186
1,1371,1810366.181039392
1,1372,1784013.4273350835
1,1373,1771562.1768692194
1,1374,1810426.7171753368
1,1375,1763417.288736572
1,1376,1775129.9949060897
1,1377,1790580.0559993505
1,1378,1788659.3095552428
1,1379,1741836.0832837156
1,1380,1762243.2484760876
1,1381,1827894.8990145193
1,1382,1765339.0749875007
1,1383,1805132.1455067962
1,1384,1808356.2783511758
1,1385,1789051.7021060372
1,1386,1823860.2884189666
1,1387,1854200.2063001604
1,1388,1835778.8092445643
1,1389,1871051.8639483661
1,1390,1873830.9798366262
1,1391,1898965.1394247946
1,1392,1907172.0410962326
1,1393,1923966.041063841
1,1394,1955766.6837824802
1,1395,1954234.2648901145
1,1396,1980891.1005932547
1,1397,2134243.2705823043
1,1398,2104454.595363167
1,1399,2132158.750021292
1,1400,2210378.06972949
1,1401,2315776.9054564983
1,1402,2377150.5043252585
1,1403,2418938.7768754745
1,1404,2560963.1836578627
1,1405,2626612.0363532696
1,1406,2675310.9860193855
1,1407,2901746.4410891025
1,1408,2981273.5308019947
1,1409,3096714.486115822
1,1410,3187233.943303676
1,1411,3198456.896762178
1,1412,3210635.838460815
1,1413,3223318.3929400425
1,1414,3237746.9671577765
1,1415,3253078.773622488
1,1416,3270509.163927726
1,1417,3288309.070946204
1,1418,3310635.2802922414
1,1419,3333371.540017297
1,1420,3355288.8200943912
1,1421,3382227.427588402
1,1422,3408124.909434727
1,1423,3441408.3372634165
1,1424,3473799.137949652
1,1425,3506505.3288195436
1,1426,3545811.3944533146
1,1427,3589889.781920666
1,1428,3632364.235766397
1,1429,3676563.2875730423
1,1430,3724375.448725661
1,1431,3783157.4042021693
1,1432,3838326.478098867
1,1433,3891938.4130466646
1,1434,3944647.95555079
1,1435,4009321.413474873
1,1436,4074613.568822008
1,1437,4138843.0375369713
1,1438,4187995.1405801945
1,1439,4256425.298798817
2,1064,5020715.399548809
2,1069,5020715.399548809
2,1082,5020715.399548809
2,1083,5020715.399548809
2,1084,5020715.399548808
2,1085,5020715.399548809
2,1089,5020715.39954881
2,1093,5020715.39954881
2,1095,5020715.399548809
2,1096,5020715.399548809
2,1097,5020715.399548809
2,1098,5020715.399548809
2,1099,5020715.399548809
2,1100,5020715.399548809
2,1105,5020715.399548809
2,1106,5020715.399548809
2,1108,5020715.399548809
2,1109,5020715.39954881
2,1110,5020715.399548809
2,1111,5020715.399548809
2,1112,5020715.399548809
2,1114,5020715.399548809
2,1115,5020715.399548809
2,1116,5020715.399548809
2,1117,5020715.399548809
2,1118,5020715.399548809
2,1119,5020715.399548808
2,1120,5020715.399548808
2,1121,5020715.399548809
2,1122,5020715.399548809
2,1123,5020715.399548809
2,1124,5020715.399548809
2,1125,5020715.399548809
2,1126,5020715.39954881
2,1127,5020715.399548808
2,1128,5020715.39954881
2,1129,5020715.399548809
2,1130,5020715.399548809
2,1131,5020715.399548808
2,1132,5020715.399548809
2,1133,5020715.399548809
2,1134,5020715.399548809
2,1135,5020715.399548809
2,1136,5020715.399548809
2,1137,5020715.399548808
2,1138,5020715.399548809
2,1139,5020715.399548809
2,1140,5020715.399548809
2,1141,5020715.399548808
2,1142,5020715.399548809
2,1143,5020715.399548808
2,1144,5020715.399548807
2,1145,5020715.399548811
2,1146,5020715.399548808
2,1147,5020715.399548811
2,1148,5020715.39954881
2,1149,5020715.39954881
2,1150,5020715.399548811
2,1151,5020715.399548811
2,1152,5020715.399548811
2,1153,5020715.399548809
2,1154,5020715.399548811
2,1155,5020715.39954881
2,1156,5020715.399548811
2,1157,5020715.399548808
2,1158,5020715.399548808
2,1159,5020715.39954881
2,1160,5020715.399548805
2,1161,5020715.399548805
2,1162,5020715.399548805
2,1163,5020715.399548805
2,1164,5020715.399548805
2,1165,5020715.399548807
2,1166,5020715.399548807
2,1167,5020715.399548805
2,1168,5020715.399548805
2,1169,5020715.399548811
2,1170,5020715.399548805
2,1171,5020715.399548811
2,1172,5020715.39954881
2,1173,5020715.399548814
2,1174,5020715.399548812
2,1175,5020715.399548811
2,1176,5020715.399548811
2,1177,5020715.399548813
2,1178,5020715.399548813
2,1179,5020715.3995488165
2,1180,5020715.399548815
2,1181,5020715.399548811
2,1182,5020715.399548811
2,1183,5020715.399548815
2,1184,5020715.3995488165
2,1185,5020715.399548803
2,1186,5020715.399548806
2,1187,5020715.399548804
2,1188,5020715.399548798
2,1189,5020715.399548806
2,1190,5020715.399548802
2,1191,5020715.399548802
2,1192,5020715.399548797
2,1193,5020715.3995488
2,1194,4987223.335158944
2,1195,5020715.399548799
2,1196,5020715.399548796
2,1197,5020715.399548796
2,1198,5011456.192620796
2,1199,4832716.705966877
2,1200,4629407.6767387055
2,1201,4572370.014077235
2,1202,4421805.015857315
2,1203,4386031.797720468
2,1204,4444132.536745701
2,1205,4574672.68986969
2,1206,4174032.096309087
2,1207,4277756.630481168
2,1208,4168361.00224613
2,1209,4070013.823415158
2,1210,4052532.363145654
2,1211,4040568.4175118473
2,1212,4073975.8178213467
2,1213,3976085.513842661
2,1214,3958924.0562510584
2,1215,3631352.7105188062
2,1216,3920073.671993201
2,1217,3778774.3950383994
2,1218,3724587.267976578
2,1219,3819277.974177622
2,1220,3831161.1657769443
2,1221,3698527.984921262
2,1222,3758935.486971983
2,1223,3595308.478318838
2,1224,3573863.667098572
2,1225,3620240.9596957928
2,1226,3581796.172654537
2,1227,3453551.5620923224
2,1228,3567931.9476069068
2,1229,3564879.9554333114
2,1230,3435614.029480776
2,1231,3412215.864656311
2,1232,3417302.591539158
2,1233,3349143.4367918745
2,1234,3362629.222114683
2,1235,3534894.863289699
2,1236,3361144.244645136
2,1237,3247056.6135464585
2,1238,3217695.6774913073
2,1239,3233444.0693824748
2,1240,3337928.096629055
2,1241,3259700.6161848973
2,1242,3265103.908316748
2,1243,3269973.1201947285
2,1244,3260254.9357650955
2,1245,3160827.2619353444
2,1246,3208240.006912742
2,1247,3306818.6995330793
2,1248,3218130.092879703
2,1249,3187549.60851355
2,1250,3154921.338922402
2,1251,3159529.9256506236
2,1252,3188600.133819583
2,1253,3243733.0240435847
2,1254,3274474.9655999215
2,1255,3049080.3730686363
2,1256,3102989.203815798
2,1257,3145404.478113386
2,1258,3090449.0806566845
2,1259,3087336.433008807
2,1260,3061495.18146037
2,1261,3088228.97993778
2,1262,3128534.8339093192
2,1263,3084585.3558261865
2,1264,3149341.319465423
2,1265,3068195.818100543
2,1266,3170393.3417788516
2,1267,3121185.96434905
2,1268,3150640.051203757
2,1269,3182208.7333759414
2,1270,3085863.218755246
2,1271,3081692.933526505
2,1272,3033352.6935190815
2,1273,3112229.907384983
2,1274,3027071.4128736453
2,1275,3121014.704213838
2,1276,3023554.831154928
2,1277,3046672.6918560504
2,1278,3130131.5284661734
2,1279,3161399.435651542
2,1280,3140302.6205742573
2,1281,3111937.0420570197
2,1282,3101463.6410397477
2,1283,3109827.146075719
2,1284,3191151.6747885817
2,1285,3114509.968271659
2,1286,3178715.6832487984
2,1287,3187041.2651203494
2,1288,3172331.9785587047
2,1289,3061612.7823032322
2,1290,3022257.4944547843
2,1291,3156900.1776522724
2,1292,3082410.214177367
2,1293,3116881.110541548
2,1294,3091992.89684012
2,1295,3180148.6304487363
2,1296,3185330.120660772
2,1297,3249718.033348249
2,1298,3149270.0148208556
2,1299,3118403.160389313
2,1300,3148686.7899488276
2,1301,3143735.231353565
2,1302,3338607.449310441
2,1303,3208624.514327615
2,1304,3217795.411452528
2,1305,3311617.016036355
2,1306,3134526.9599989173
2,1307,3324387.8084523706
2,1308,3182177.2265830524
2,1309,3240616.0338058644
2,1310,3218675.484350095
2,1311,3321053.3167660697
2,1312,3234039.884980528
2,1313,3365447.5615029307
2,1314,3347172.300502558
2,1315,3377823.300923862
2,1316,3319089.670907855
2,1317,3368990.0336792474
2,1318,3359463.767521157
2,1319,3299526.993467643
2,1320,3479224.029116388
2,1321,3433033.576808015
2,1322,3407446.550288605
2,1323,3393951.5874102702
2,1324,3253238.5275370064
2,1325,3437229.33130374
2,1326,3512831.7961788657
2,1327,3398586.5604181443
2,1328,3270597.936618704
2,1329,3331225.340219653
2,1330,3267652.124871578
2,1331,3406982.814276342
2,1332,3118700.1413741475
2,1333,3290180.7674806826
2,1334,3076954.9871804817
2,1335,3120434.5888436474
2,1336,3093897.5515297223
2,1337,3051346.5868666987
2,1338,2940066.326514476
2,1339,2791344.9872119483
2,1340,2777046.9766500858
2,1341,2795398.2638773136
2,1342,2716661.287998613
2,1343,2683058.6571743996
2,1344,2601349.7290692516
2,1345,2535607.6386563657
2,1346,2423717.3775794404
2,1347,2389487.9897563634
2,1348,2380834.446318853
2,1349,2276415.7248859834
2,1350,2272079.994537245
2,1351,2212225.432616921
2,1352,2181532.143602969
2,1353,2188126.532554966
2,1354,2122338.642351667
2,1355,2084352.0429285718
2,1356,1996412.6972638606
2,1357,1993616.1285662595
2,1358,1929862.290444537
2,1359,1938812.872964285
2,1360,1943951.6226391895
2,1361,1897750.523862042
2,1362,1881533.2087339074
2,1363,1899592.1597007518
2,1364,1852208.646674007
2,1365,1826098.798643941
2,1366,1871429.2201116628
2,1367,1819464.7561025503
2,1368,1819514.046156496
2,1369,1797583.5567531004
2,1370,1793340.2716821833
2,1371,1777288.6485734577
2,1372,1803388.1258763252
2,1373,1776605.5490818422
2,1374,1811619.6451161683
2,1375,1794998.0370140658
2,1376,1798714.9079072757
2,1377,1782724.476857246
2,1378,1797141.526374531
2,1379,1789424.7591782575
2,1380,1774434.7723438877
2,1381,1782064.7464322618
2,1382,1755853.963949442
2,1383,1790175.6764543883
2,1384,1833146.1078209123
2,1385,1814749.5492083703
2,1386,1859752.5324362086
2,1387,1839146.217561662
2,1388,1895029.6154057216
2,1389,1876171.6068896533
2,1390,1890060.420865351
2,1391,1876775.0721814956
2,1392,1906726.2075804786
2,1393,1913340.5783773263
2,1394,1970305.797560349
2,1395,1980477.2381433386
2,1396,2038480.493989347
2,1397,2101757.9428027254
2,1398,2091432.8149282138
2,1399,2148378.531050576
2,1400,2173256.6401971285
2,1401,2305398.9963628924
2,1402,2281326.5146284224
2,1403,2465709.041425546
2,1404,2573341.9085147576
2,1405,2629366.3707465897
2,1406,2697994.844591079
2,1407,2850910.89228502
2,1408,3000440.8016856364
2,1409,3122879.258327035
2,1410,3187544.0722821313
2,1411,3198150.6430012165
2,1412,3210092.8950047274
2,1413,3223602.214295648
2,1414,3237856.638060369
2,1415,3253246.4127743994
2,1416,3270327.1218402786
2,1417,3289881.46754784
2,1418,3309565.944986066
2,1419,3332552.89323639
2,1420,3354131.6173701687
2,1421,3381236.3566554044
2,1422,3408828.8014120255
2,1423,3441785.955061218
2,1424,3474641.686377503
2,1425,3511733.0901747537
2,1426,3549865.992842876
2,1427,3592180.5164949144
2,1428,3634148.412864175
2,1429,3674910.798067634
2,1430,3728931.8449213305
2,1431,3777792.5963165206
2,1432,3839128.2918527746
2,1433,3879431.2847351823
2,1434,3944014.1922779013
2,1435,4002808.528005478
2,1436,4079446.350828059
2,1437,4131405.0050604544
2,1438,4178042.568685328
2,1439,4267261.443193164
3,1070,5020715.399548809
3,1076,5020715.399548809
3,1082,5020715.399548809
3,1083,5020715.39954881
3,1092,5020715.39954881
3,1093,5020715.399548809
3,1095,5020715.399548809
3,1098,5020715.399548809
3,1099,5020715.399548809
3,1100,5020715.399548809
3,1102,5020715.39954881
3,1103,5020715.399548808
3,1104,5020715.399548809
3,1105,5020715.399548809
3,1106,5020715.399548809
3,1108,5020715.399548809
3,1109,5020715.399548809
3,1111,5020715.399548809
3,1112,5020715.399548809
3,1113,5020715.399548809
3,1114,5020715.399548809
3,1115,5020715.399548809
3,1116,5020715.399548809
3,1118,5020715.399548809
3,1119,5020715.39954881
3,1120,5020715.399548809
3,1121,5020715.399548809
3,1122,5020715.399548809
3,1123,5020715.399548809
3,1124,5020715.399548809
3,1125,5020715.399548808
3,1126,5020715.399548809
3,1127,5020715.399548809
3,1128,5020715.39954881
3,1129,5020715.399548809
3,1130,5020715.399548808
3,1131,5020715.399548809
3,1132,5020715.399548809
3,1133,5020715.399548808
3,1134,5020715.399548808
3,1135,5020715.399548808
3,1136,5020715.399548808
3,1137,5020715.399548809
3,1138,5020715.399548809
3,1139,5020715.399548809
3,1140,5020715.399548809
3,1141,5020715.399548809
3,1142,5020715.399548807
3,1143,5020715.39954881
3,1144,5020715.399548808
3,1145,5020715.399548809
3,1146,5020715.399548809
3,1147,5020715.39954881
3,1148,5020715.399548811
3,1149,5020715.39954881
3,1150,5020715.39954881
3,1151,5020715.399548808
3,1152,5020715.399548809
3,1153,5020715.39954881
3,1154,5020715.399548811
3,1155,5020715.399548811
3,1156,5020715.399548811
3,1157,5020715.399548808
3,1158,5020715.399548805
3,1159,5020715.399548808
3,1160,5020715.399548805
3,1161,5020715.399548805
3,1162,5020715.399548806
3,1163,5020715.399548807
3,1164,5020715.399548805
3,1165,5020715.39954881
3,1166,5020715.399548804
3,1167,5020715.399548811
3,1168,5020715.399548805
3,1169,5020715.399548807
3,1170,5020715.399548812
3,1171,5020715.399548805
3,1172,5020715.39954881
3,1173,5020715.399548813
3,1174,5020715.39954881
3,1175,5020715.399548812
3,1176,5020715.399548813
3,1177,5020715.399548815
3,1178,5020715.399548816
3,1179,5020715.399548815
3,1180,5020715.39954881
3,1181,5020715.3995488165
3,1182,5020715.399548816
3,1183,5020715.399548807
3,1184,5020715.399548813
3,1185,5020715.399548809
3,1186,5020715.399548811
3,1187,5020715.399548813
3,1188,5020715.399548802
3,1189,5020715.399548803
3,1190,5020715.399548809
3,1191,5020715.399548799
3,1192,5020715.399548798
3,1193,5020715.399548798
3,1194,5020715.399548796
3,1195,4906618.429987549
3,1196,4753941.514249946
3,1197,4616458.407709504
3,1198,4930815.097093499
3,1199,5020715.399548796
3,1200,4926543.835492924
3,1201,4515517.687911799
3,1202,4457711.519596797
3,1203,4383575.4707965255
3,1204,4545055.430089947
3,1205,4373049.545955096
3,1206,4444062.788636992
3,1207,4264218.396114715
3,1208,4195443.631241821
3,1209,3998058.8326172493
3,1210,3860462.068945986
3,1211,3995521.1438622605
3,1212,4037550.330572823
3,1213,4008025.5132324635
3,1214,3911843.103993188
3,1215,3918241.200977794
3,1216,3710710.7810256486
3,1217,3693581.354305342
3,1218,3755942.4311545515
3,1219,3625118.6990423645
3,1220,3688946.100614291
3,1221,3787266.2860932634
3,1222,3584435.6575571853
3,1223,3681263.8553287983
3,1224,3560694.046003705
3,1225,3570544.3810883937
3,1226,3474727.6787694194
3,1227,3494841.3622359564
3,1228,3489582.8511476545
3,1229,3401435.525505402
3,1230,3423031.2396603213
3,1231,3423089.391087371
3,1232,3408879.14803114
3,1233,3418520.827877364
3,1234,3288865.9240949377
3,1235,3425013.2988955863
3,1236,3310002.7653719406
3,1237,3392541.0877934755
3,1238,3335297.565847695
3,1239,3250476.4114753534
3,1240,3293106.163364461
3,1241,3218726.1479248153
3,1242,3260741.241034905
3,1243,3168212.7673142944
3,1244,3263146.805011477
3,1245,3236040.999345615
3,1246,3267076.9489611136
3,1247,3277679.474392732
3,1248,3168185.222489226
3,1249,3335296.4935983093
3,1250,3216075.5905964687
3,1251,3153867.2403797307
3,1252,3105386.93971647
3,1253,3184234.363453843
3,1254,3278007.9522359376
3,1255,3100111.0258144406
3,1256,3226092.215344625
3,1257,3147550.6004012665
3,1258,3210731.543138
3,1259,3160570.540938574
3,1260,3129883.5877798065
3,1261,3182206.190608098
3,1262,3080860.5888865893
3,1263,3152059.625332573
3,1264,3068236.671589562
3,1265,3165030.0006816373
3,1266,3103736.0841541328
3,1267,3086145.870005665
3,1268,3096559.164115247
3,1269,3155005.6150005693
3,1270,3086946.8686155
3,1271,3113426.1007344606
3,1272,3133720.2807352627
3,1273,3129959.514556253
3,1274,3192295.0086053787
3,1275,3099042.9551696046
3,1276,3108672.7075527073
3,1277,3227216.534793751
3,1278,3056321.552263057
3,1279,3066852.614598598
3,1280,3193216.651494472
3,1281,3132318.809959212
3,1282,3176207.9261610955
3,1283,3164249.789374162
3,1284,3177771.225245247
3,1285,3188845.719825319
3,1286,3143013.010768874
3,1287,3167153.3050422836
3,1288,3093892.2275944604
3,1289,3219413.2979040127
3,1290,3063371.6538101276
3,1291,3175805.382611319
3,1292,3033087.5763373785
3,1293,3187635.779669336
3,1294,3096998.536983437
3,1295,3138798.7799244276
3,1296,3196899.327823228
3,1297,3069316.703076012
3,1298,3138959.4382245517
3,1299,3255407.5025214683
3,1300,3169251.040521249
3,1301,3195239.1119475835
3,1302,3174703.8022672893
3,1303,3279287.443638407
3,1304,3195682.927786161
3,1305,3265232.927288206
3,1306,3243094.4096233514
3,1307,3226808.452479798
3,1308,3235018.1552463984
3,1309,3222541.5745679955
3,1310,3254733.0764044533
3,1311,3215304.9929109067
3,1312,3359180.0003498965
3,1313,3411381.2956024227
3,1314,3380477.617575296
3,1315,3225908.075882158
3,1316,3472374.2377788895
3,1317,3298828.9723462444
3,1318,3408992.9554490843
3,1319,3378191.614217738
3,1320,3436543.0081912074
3,1321,3459204.5155594232
3,1322,3371757.4986262354
3,1323,3399920.694312178
3,1324,3490278.1628822894
3,1325,3337671.509986711
3,1326,3405303.724119767
3,1327,3319683.5411713067
3,1328,3367149.557936571
3,1329,3322468.7859215806
3,1330,3320823.6385977278
3,1331,3206622.946381203
3,1332,3189023.786953356
3,1333,3185906.2427634504
3,1334,3170286.571163754
3,1335,3172313.748230806
3,1336,3066141.988660893
3,1337,3008875.2653536247
3,1338,2853736.7520949235
3,1339,2911290.802320772
3,1340,2898295.9817876862
3,1341,2783185.431925377
3,1342,2695378.589873532
3,1343,2665520.751857984
3,1344,2572941.634845588
3,1345,2509354.437404688
3,1346,2428637.379456574
3,1347,2469992.4381057117
3,1348,2367908.259259139
3,1349,2341137.9476277195
3,1350,2288657.5752184647
3,1351,2179480.616130254
3,1352,2175319.105621493
3,1353,2188081.1780780875
3,1354,2082093.9521558217
3,1355,2032741.958923495
3,1356,2062754.733122579
3,1357,1968606.5519548869
3,1358,2006351.5980430155
3,1359,1972174.5442365706
3,1360,1932461.131008274
3,1361,1877562.4437611878
3,1362,1881816.746196202
3,1363,1849092.225836253
3,1364,1840182.1304140217
3,1365,1838315.226864196
3,1366,1842145.37264482
3,1367,1838068.22851386
3,1368,1832501.530141592
3,1369,1812076.1641384752
3,1370,1769125.2291710707
3,1371,1795970.5168779504
3,1372,1770209.2440003005
3,1373,1790561.5063742572
3,1374,1775800.1341370721
3,1375,1770402.4443647922
3,1376,1776800.0324850834
3,1377,1763006.2198162524
3,1378,1744172.5655458663
3,1379,1770072.7137255385
3,1380,1741054.659463236
3,1381,1768062.8530384395
3,1382,1772372.7852258296
3,1383,1785769.4543345084
3,1384,1808190.3464652589
3,1385,1776242.7170696496
3,1386,1822392.3832256754
3,1387,1805599.5842840418
3,1388,1843158.7642233223
3,1389,1890227.1261813845
3,1390,1882330.6591871644
3,1391,1885529.8152391496
3,1392,1876259.4460043593
3,1393,1935389.9109523422
3,1394,1940576.2705708586
3,1395,1985714.3843261884
3,1396,2060149.9656348648
3,1397,2059219.8658831946
3,1398,2140882.490117631
3,1399,2273324.4689275976
3,1400,2211792.590026429
3,1401,2373399.7584371446
3,1402,2314882.447308984
3,1403,2454656.101462446
3,1404,2515071.851243699
3,1405,2618288.268066472
3,1406,2757882.915792288
3,1407,2678922.5200334024
3,1408,3167668.978815565
3,1409,3177427.2206785833
3,1410,3186905.197849602
3,1411,3198362.094677931
3,1412,3210290.087326664
3,1413,3223646.155355661
3,1414,3238001.0734332576
3,1415,3253721.5598163675
3,1416,3270093.1893681246
3,1417,3289344.459412516
3,1418,3310591.111468287
3,1419,3331560.57518999
3,1420,3355058.3743570945
3,1421,3380871.261918689
3,1422,3410927.7913557794
3,1423,3438876.2141162497
3,1424,3472681.06837758
3,1425,3508141.780440449
3,1426,3547072.2558428636
3,1427,3587561.3033778826
3,1428,3628590.5601057303
3,1429,3682582.7477442743
3,1430,3726588.9080373156
3,1431,3780651.491200267
3,1432,3831421.8578592134
3,1433,3896223.829864982
3,1434,3947626.107833697
3,1435,4015087.691020581
3,1436,4072903.851222633
3,1437,4131284.2790626897
3,1438,4184159.1506748423
3,1439,4253732.46326835
4,1076,5020715.399548809
4,1077,5020715.399548809
4,1082,5020715.399548809
4,1086,5020715.399548809
4,1090,5020715.399548808
4,1093,5020715.399548809
4,1094,5020715.399548809
4,1096,5020715.399548809
4,1097,5020715.399548809
4,1098,5020715.39954881
4,1101,5020715.399548809
4,1102,5020715.399548809
4,1103,5020715.399548809
4,1104,5020715.399548809
4,1105,5020715.399548809
4,1106,5020715.399548809
4,1108,5020715.399548808
4,1109,5020715.399548809
4,1110,5020715.399548809
4,1111,5020715.399548809
4,1112,5020715.399548809
4,1113,5020715.399548809
4,1114,5020715.39954881
4,1115,5020715.399548809
4,1116,5020715.399548809
4,1117,5020715.39954881
4,1118,5020715.399548809
4,1119,5020715.399548809
4,1120,5020715.399548809
4,1121,5020715.399548809
4,1122,5020715.399548809
4,1123,5020715.399548809
4,1124,5020715.399548809
4,1125,5020715.399548809
4,1126,5020715.399548809
4,1127,5020715.399548809
4,1128,5020715.399548809
4,1129,5020715.399548809
4,1130,5020715.399548809
4,1131,5020715.399548809
4,1132,5020715.399548809
4,1133,5020715.399548808
4,1134,5020715.399548808
4,1135,5020715.399548808
4,1136,5020715.399548808
4,1137,5020715.399548808
4,1138,5020715.399548809
4,1139,5020715.399548808
4,1140,5020715.399548809
4,1141,5020715.399548809
4,1142,5020715.399548808
4,1143,5020715.399548809
4,1144,5020715.399548809
4,1145,5020715.399548809
4,1146,5020715.39954881
4,1147,5020715.39954881
4,1148,5020715.399548809
4,1149,5020715.399548809
4,1150,5020715.399548811
4,1151,5020715.399548808
4,1152,5020715.39954881
4,1153,5020715.39954881
4,1154,5020715.399548809
4,1155,5020715.399548808
4,1156,5020715.399548808
4,1157,5020715.399548811
4,1158,5020715.399548809
4,1159,5020715.399548809
4,1160,5020715.399548808
4,1161,5020715.399548807
4,1162,5020715.399548809
4,1163,5020715.399548806
4,1164,5020715.399548806
4,1165,5020715.399548804
4,1166,5020715.39954881
4,1167,5020715.399548806
4,1168,5020715.399548811
4,1169,5020715.399548806
4,1170,5020715.399548813
4,1171,5020715.399548809
4,1172,5020715.399548809
4,1173,5020715.399548809
4,1174,5020715.399548812
4,1175,5020715.3995488165
4,1176,5020715.399548815
4,1177,5020715.399548816
4,1178,5020715.399548814
4,1179,5020715.3995488165
4,1180,5020715.399548813
4,1181,5020715.399548806
4,1182,5020715.399548811
4,1183,5020715.399548813
4,1184,5020715.399548809
4,1185,5020715.399548806
4,1186,5020715.399548808
4,1187,5020715.399548809
4,1188,5020715.3995488
4,1189,5020715.3995488
4,1190,5020715.399548799
4,1191,5020715.399548804
4,1192,4951613.068192756
4,1193,5020715.399548799
4,1194,5020715.3995488
4,1195,5020715.399548796
4,1196,5020715.399548795
4,1197,5020715.399548795
4,1198,4938237.240314895
4,1199,4639015.368126658
4,1200,4860297.161625565
4,1201,4511972.602294505
4,1202,4462016.064846049
4,1203,4375858.651233286
4,1204,4355793.092182971
4,1205,4380567.219530669
4,1206,4256462.612215858
4,1207,4216455.053787436
4,1208,4035979.424219835
4,1209,4073841.533883627
4,1210,3923613.983878254
4,1211,3988737.6559854657
4,1212,3937405.9101883527
4,1213,4080433.1739560976
4,1214,3853590.507204789
4,1215,3784436.781650141
4,1216,3851945.952383133
4,1217,3596699.6438392615
4,1218,3816713.413933161
4,1219,3634003.6514382376
4,1220,3669930.2799435835
4,1221,3704810.3375697564
4,1222,3523710.0992623623
4,1223,3784165.7111862926
4,1224,3603082.452216261
4,1225,3575040.1183074126
4,1226,3514054.9750515292
4,1227,3491752.036176146
4,1228,3430216.5733982245
4,1229,3413176.419390119
4,1230,3465122.6177071785
4,1231,3466697.7647101665
4,1232,3315658.5944804293
4,1233,3360502.4190820474
4,1234,3303319.0997223356
4,1235,3329348.5741175055
4,1236,3302026.847476357
4,1237,3284804.324989065
4,1238,3424186.0040796497
4,1239,3438620.6732428656
4,1240,3287120.553248479
4,1241,3227747.182594818
4,1242,3155865.803125675
4,1243,3181315.7895385674
4,1244,3208879.4500977974
4,1245,3188511.2656466165
4,1246,3189625.53678218
4,1247,3145244.2538760793
4,1248,3167898.3388533844
4,1249,3169614.8155744527
4,1250,3231635.3840437247
4,1251,3252165.604364046
4,1252,3188700.2975185886
4,1253,3148435.777028449
4,1254,3218556.740262039
4,1255,3215188.318185343
4,1256,3151953.075614921
4,1257,3141544.4914812157
4,1258,3069614.5185998986
4,1259,3150814.045647911
4,1260,3174443.976672048
4,1261,3140015.5025982577
4,1262,3150773.015370835
4,1263,3157494.585857925
4,1264,3131484.935666083
4,1265,3113381.170606548
4,1266,3161995.9787399536
4,1267,3067575.226126639
4,1268,3170074.7393313632
4,1269,3108860.9302541884
4,1270,3064568.666015174
4,1271,3112176.5907008
4,1272,3147172.942589425
4,1273,3109258.530512361
4,1274,3107267.5326866554
4,1275,3073759.742250013
4,1276,3226775.845818996
4,1277,3035097.3807524443
4,1278,3150888.048861497
4,1279,3100410.435308935
4,1280,3069033.116120159
4,1281,3145625.068976214
4,1282,3046084.440554423
4,1283,3087017.9280397636
4,1284,3181481.0438817455
4,1285,3182820.05966567
4,1286,3115376.5319621507
4,1287,3192996.960725758
4,1288,3138046.3267559
4,1289,3138101.815257388
4,1290,3105126.6847036025
4,1291,3083285.4079500283
4,1292,3184643.4180392185
4,1293,3165821.240837985
4,1294,3098967.479433674
4,1295,3181210.8692520238
4,1296,3219306.578670696
4,1297,3138114.922572962
4,1298,3276485.5529046175
4,1299,3207311.9061285257
4,1300,3234553.5220296113
4,1301,3235753.4937120676
4,1302,3298323.888227884
4,1303,3265115.4200407243
4,1304,3326434.8580416394
4,1305,3280884.441527157
4,1306,3295449.1020467435
4,1307,3288217.6432402753
4,1308,3334105.4159033466
4,1309,3275821.9369080644
4,1310,3305379.1365447706
4,1311,3342337.117592664
4,1312,3324544.446568903
4,1313,3343552.9528408176
4,1314,3455124.6505327797
4,1315,3444866.6488954
4,1316,3364209.1962816897
4,1317,3349083.076291555
4,1318,3484755.4138763547
4,1319,3332774.1762089953
4,1320,3469175.259340866
4,1321,3386698.3794970713
4,1322,3448495.1813635956
4,1323,3399305.909043444
4,1324,3381966.883209058
4,1325,3471018.0253053466
4,1326,3389445.640086278
4,1327,3378277.4728096724
4,1328,3251069.0656641047
4,1329,3436750.6784572355
4,1330,3365103.5294297813
4,1331,3248659.09088031
4,1332,3213469.1127512115
4,1333,3231654.869653504
4,1334,3211089.791366481
4,1335,3159834.9244199
4,1336,3092509.128932578
4,1337,2949716.6294357264
4,1338,2848667.347206694
4,1339,2868692.256440953
4,1340,2848461.2056210833
4,1341,2823625.463065332
4,1342,2733202.638606146
4,1343,2565015.30795387
4,1344,2531235.891588845
4,1345,2476878.5245006816
4,1346,2432714.4756712085
4,1347,2421563.935885515
4,1348,2350004.88597475
4,1349,2340061.4910850246
4,1350,2313234.344457245
4,1351,2219825.0865803543
4,1352,2159244.1085261973
4,1353,2083377.3072114685
4,1354,2083112.04174547
4,1355,2039494.8676595513
4,1356,1988213.1990830584
4,1357,1989739.0326583951
4,1358,1983511.7192866397
4,1359,1929668.7742399
4,1360,1947179.985997848
4,1361,1901976.6816826675
4,1362,1912662.9407615585
4,1363,1869700.3919513258
4,1364,1856406.2841615768
4,1365,1818633.644060498
4,1366,1832797.7333976396
4,1367,1812378.1177546193
4,1368,1826509.0343928006
4,1369,1840304.0452298368
4,1370,1825746.10442518
4,1371,1779896.9808865958
4,1372,1797443.7138606377
4,1373,1796349.3544861895
4,1374,1810705.7812883195
4,1375,1780229.0706918302
4,1376,1772161.6890851425
4,1377,1817283.7364508163
4,1378,1801217.2883259093
4,1379,1805936.4079886894
4,1380,1793681.7023956028
4,1381,1757526.2948125664
4,1382,1799823.3263680453
4,1383,1794189.5076233123
4,1384,1835336.752708889
4,1385,1836345.8215818817
4,1386,1844841.4608829324
4,1387,1816108.4526461083
4,1388,1841527.3936832089
4,1389,1884378.5219797979
4,1390,1872180.6613704923
4,1391,1869236.1386855438
4,1392,1886984.7847008908
4,1393,1908490.7954284267
4,1394,1955728.4663347742
4,1395,1995921.8839049872
4,1396,2019665.2116281362
4,1397,2057647.43955364
4,1398,2102864.739710502
4,1399,2126147.965296441
4,1400,2192721.0607589926
4,1401,2295086.954550556
4,1402,2334403.356697996
4,1403,2379374.355590318
4,1404,2449991.74371244
4,1405,2630542.986413926
4,1406,2717098.9771958916
4,1407,2848378.206126078
4,1408,2950035.3975595552
4,1409,3177231.7712566056
4,1410,3187287.3590283785
4,1411,3198045.695393726
4,1412,3210322.4341569506
4,1413,3223479.51888499
4,1414,3238190.8241161266
4,1415,3252663.118534688
4,1416,3270565.2814926626
4,1417,3289547.181768072
4,1418,3308555.503673046
4,1419,3330807.3937340616
4,1420,3355792.219329222
4,1421,3381103.9808413023
4,1422,3409872.6956958384
4,1423,3443356.1093332544
4,1424,3472377.609496379
4,1425,3510180.133816899
4,1426,3547491.8554111803
4,1427,3586202.783577669
4,1428,3631869.5236849654
4,1429,3678555.7277061893
4,1430,3724148.3285529627
4,1431,3780310.1645261506
4,1432,3831743.827791531
4,1433,3896579.9402146353
4,1434,3950689.0375164687
4,1435,3998322.727519911
4,1436,4068011.4397685886
4,1437,4133171.206236089
4,1438,4193082.914060616
4,1439,4274385.492019146
5,1074,5020715.399548809
5,1079,5020715.399548809
5,1092,5020715.399548809
5,1094,5020715.399548809
5,1098,5020715.399548809
5,1101,5020715.399548809
5,1102,5020715.399548809
5,1103,5020715.399548809
5,1104,5020715.399548808
5,1105,5020715.399548809
5,1107,5020715.399548809
5,1108,5020715.39954881
5,1109,5020715.399548808
5,1110,5020715.399548809
5,1111,5020715.399548809
5,1112,5020715.399548809
5,1113,5020715.399548809
5,1114,5020715.399548809
5,1115,5020715.399548809
5,1116,5020715.399548809
5,1117,5020715.39954881
5,1118,5020715.399548809
5,1119,5020715.399548808
5,1121,5020715.399548808
5,1122,5020715.399548809
5,1123,5020715.399548809
5,1124,5020715.39954881
5,1125,5020715.399548808
5,1126,5020715.399548809
5,1127,5020715.39954881
5,1128,5020715.399548809
5,1129,5020715.399548809
5,1130,5020715.399548808
5,1131,5020715.399548809
5,1132,5020715.399548809
5,1133,5020715.399548809
5,1134,5020715.399548809
5,1135,5020715.399548809
5,1136,5020715.399548809
5,1137,5020715.399548808
5,1138,5020715.399548809
5,1139,5020715.399548808
5,1140,5020715.399548809
5,1141,5020715.399548808
5,1142,5020715.39954881
5,1143,5020715.399548809
5,1144,5020715.399548808
5,1145,5020715.39954881
5,1146,5020715.39954881
5,1147,5020715.399548809
5,1148,5020715.39954881
5,1149,5020715.39954881
5,1150,5020715.399548811
5,1151,5020715.39954881
5,1152,5020715.39954881
5,1153,5020715.39954881
5,1154,5020715.399548811
5,1155,5020715.399548808
5,1156,5020715.399548809
5,1157,5020715.39954881
5,1158,5020715.399548809
5,1159,5020715.399548808
5,1160,5020715.399548807
5,1161,5020715.399548809
5,1162,5020715.399548806
5,1163,5020715.399548805
5,1164,5020715.399548804
5,1165,5020715.399548805
5,1166,5020715.399548805
5,1167,5020715.399548808
5,1168,5020715.399548813
5,1169,5020715.39954881
5,1170,5020715.39954881
5,1171,5020715.39954881
5,1172,5020715.399548812
5,1173,5020715.399548809
5,1174,5020715.399548816
5,1175,5020715.399548816
5,1176,5020715.399548811
5,1177,5020715.3995488165
5,1178,5020715.399548816
5,1179,5020715.399548816
5,1180,5020715.399548815
5,1181,5020715.399548816
5,1182,5020715.39954881
5,1183,5020715.399548808
5,1184,5020715.399548816
5,1185,5020715.399548803
5,1186,5020715.399548809
5,1187,5020715.399548809
5,1188,5020715.399548799
5,1189,5020715.399548804
5,1190,5020715.399548798
5,1191,5020715.399548798
5,1192,5020715.399548802
5,1193,4964376.485217948
5,1194,5020715.399548797
5,1195,5020715.399548795
5,1196,5020715.399548796
5,1197,4852322.058967193
5,1198,4732027.470561818
5,1199,4735609.321890326
5,1200,4645963.408712314
5,1201,4584831.046116046
5,1202,4621436.051631538
5,1203,4462670.543067002
5,1204,4735568.761756459
5,1205,4388278.081900951
5,1206,4304133.958578665
5,1207,4422109.869864109
5,1208,4085037.3042769637
5,1209,4094090.425939897
5,1210,4178899.3332855944
5,1211,4114669.732037291
5,1212,3917742.430906564
5,1213,3869846.3819787977
5,1214,3877408.6822468285
5,1215,3925480.867445708
5,1216,3811004.050636318
5,1217,3738407.5904891063
5,1218,3868823.838470799
5,1219,3726338.9404077353
5,1220,3749412.3299870924
5,1221,3760540.16708697
5,1222,3705776.672138761
5,1223,3597303.009008193
5,1224,3609349.863033806
5,1225,3480566.55801307
5,1226,3563493.499710927
5,1227,3425881.4833521857
5,1228,3347734.56642681
5,1229,3559308.207199641
5,1230,3468758.8809250593
5,1231,3450502.735346111
5,1232,3420687.145688116
5,1233,3365584.246603701
5,1234,3336964.766594906
5,1235,3328164.83976285
5,1236,3233296.044557537
5,1237,3338588.081890668
5,1238,3327651.4164074
5,1239,3362245.7935868767
5,1240,3307851.679700347
5,1241,3236071.231862091
5,1242,3240576.0036481344
5,1243,3221410.0936621763
5,1244,3292496.654325751
5,1245,3373487.9990574643
5,1246,3173216.719662455
5,1247,3225866.833910802
5,1248,3269753.3972746315
5,1249,3186699.0352796195
5,1250,3208028.7744915765
5,1251,3158679.743380976
5,1252,3076353.640265982
5,1253,3192611.3927224567
5,1254,3151417.048300073
5,1255,3122389.356206306
5,1256,3217889.7011930826
5,1257,3145637.981014698
5,1258,3173570.6737672286
5,1259,3070697.8851691186
5,1260,3096253.589993506
5,1261,3072953.6004016334
5,1262,3128408.686305026
5,1263,3119078.6426252085
5,1264,3155921.6962920916
5,1265,3164467.6117708255
5,1266,3139470.661118186
5,1267,3074346.72603649
5,1268,3150393.9430396087
5,1269,3093009.325015765
5,1270,3055188.649895368
5,1271,3004748.3124353327
5,1272,3117378.501740922
5,1273,3168876.725766529
5,1274,3121545.967752182
5,1275,3125520.2943124217
5,1276,3101407.7880946374
5,1277,3075048.077971063
5,1278,3189653.130021169
5,1279,3136381.9584268564
5,1280,3121037.693598755
5,1281,3145254.9490548014
5,1282,3097177.6240002867
5,1283,3143337.320176314
5,1284,3108909.869848081
5,1285,3149275.7877146644
5,1286,3070599.7031701496
5,1287,3220380.151543552
5,1288,3168343.3923602086
5,1289,3180263.9959321897
5,1290,3131270.4930816046
5,1291,3144529.9284294704
5,1292,3156195.5464009126
5,1293,3106021.6932493225
5,1294,3191613.2601830186
5,1295,3186578.77016668
5,1296,3164671.0672890735
5,1297,3209196.594432051
5,1298,3213004.376986744
5,1299,3206402.272066945
5,1300,3222988.3044412625
5,1301,3229466.5726969494
5,1302,3248231.722377954
5,1303,3322107.179405363
5,1304,3102584.8171820813
5,1305,3162952.6738441866
5,1306,3340352.921485295
5,1307,3232758.3583637523
5,1308,3352137.5883397483
5,1309,3280000.1291054017
5,1310,3262959.201474118
5,1311,3403453.8440115014
5,1312,3325431.1044691224
5,1313,3433447.3516754843
5,1314,3273051.5716940113
5,1315,3369018.278728562
5,1316,3338757.243025
5,1317,3274746.081812037
5,1318,3403419.9775825916
5,1319,3301578.4859857587
5,1320,3303268.8388374005
5,1321,3386980.6479485994
5,1322,3501646.6452604705
5,1323,3494369.800103511
5,1324,3333446.6652529
5,1325,3339429.6445229477
5,1326,3407102.823720612
5,1327,3344500.377142652
5,1328,3514382.4020189354
5,1329,3297048.5579662584
5,1330,3244084.830392631
5,1331,3291560.6878569853
5,1332,3312844.5373055884
5,1333,3163259.89795816
5,1334,3154554.292866699
5,1335,3044361.800856315
5,1336,3100547.4355764585
5,1337,3039670.0352399778
5,1338,2948991.562931958
5,1339,2842975.1317899833
5,1340,2762452.6755415974
5,1341,2744950.743951725
5,1342,2704902.5206739637
5,1343,2690389.07176602
5,1344,2578745.9196518552
5,1345,2519295.745937513
5,1346,2431996.8426566278
5,1347,2383934.823642998
5,1348,2322820.140117766
5,1349,2311610.0749198003
5,1350,2268144.046478816
5,1351,2196835.5929143615
5,1352,2184927.488410351
5,1353,2133652.7380943852
5,1354,2058704.1912755487
5,1355,2102396.3827982685
5,1356,2001973.6746770036
5,1357,2023291.6915973106
5,1358,1975047.6280452565
5,1359,1939684.3631604481
5,1360,1924516.5226316568
5,1361,1915540.7693716718
5,1362,1892168.3577250177
5,1363,1895537.2764826706
5,1364,1846950.262630568
5,1365,1828275.5674114136
5,1366,1840692.4538793934
5,1367,1829944.7542200077
5,1368,1836250.6050402643
5,1369,1803103.0414128823
5,1370,1796986.2355738939
5,1371,1777767.2300073402
5,1372,1822743.3110742208
5,1373,1792764.8125516674
5,1374,1762968.260239856
5,1375,1783341.8030371573
5,1376,1800578.3538190774
5,1377,1784346.9567090857
5,1378,1786874.2963000902
5,1379,1761976.9159956754
5,1380,1823716.3540060762
5,1381,1799076.2322851548
5,1382,1802132.772080413
5,1383,1780791.929362846
5,1384,1819191.6099893427
5,1385,1786034.9660652769
5,1386,1807832.6792267314
5,1387,1844712.4881582132
5,1388,1852501.2035319868
5,1389,1851028.767995887
5,1390,1904028.1491216107
5,1391,1876016.468394281
5,1392,1931609.0027198612
5,1393,1946458.899965145
5,1394,1955440.4957290846
5,1395,1946298.008754843
5,1396,2093407.051508148
5,1397,2051872.8036781517
5,1398,2078903.0154739188
5,1399,2196268.590008591
5,1400,2242032.6712636445
5,1401,2254926.5842557997
5,1402,2259535.7873344226
5,1403,2323470.222476697
5,1404,2488927.629235741
5,1405,2616238.4337700414
5,1406,2679501.218301749
5,1407,2870977.370234577
5,1408,2946954.326871539
5,1409,3177031.2904691407
5,1410,3187150.4511069683
5,1411,3198222.9677563333
5,1412,3210043.0089786276
5,1413,3223773.076178141
5,1414,3237708.1782682547
5,1415,3253219.4910083874
5,1416,3270402.959334275
5,1417,3289480.519730516
5,1418,3308350.2808130137
5,1419,3332567.9191712965
5,1420,3355551.384630005
5,1421,3380659.219835733
5,1422,3411476.5308570843
5,1423,3440708.9303670507
5,1424,3476377.0753687625
5,1425,3509667.759624513
5,1426,3544371.6427266467
5,1427,3584470.8866017517
5,1428,3630767.5042534443
5,1429,3677824.6227356535
5,1430,3723576.2033904456
5,1431,3774786.529670814
5,1432,3835227.4460053113
5,1433,3890388.810864612
5,1434,3945841.4485806096
5,1435,4010738.9584551333
5,1436,4081369.3868517065
5,1437,4133128.3139775423
5,1438,4198470.655885554
5,1439,4259501.757931907
6,1069,5020715.399548809
6,1071,5020715.399548809
6,1083,5020715.399548808
6,1086,5020715.39954881
6,1094,5020715.39954881
6,1095,5020715.399548809
6,1096,5020715.399548809
6,1097,5020715.399548809
6,1098,5020715.399548809
6,1099,5020715.399548809
6,1101,5020715.399548809
6,1103,5020715.399548808
6,1104,5020715.399548809
6,1105,5020715.399548809
6,1106,5020715.399548809
6,1107,5020715.39954881
6,1108,5020715.399548808
6,1110,5020715.399548809
6,1112,5020715.399548809
6,1113,5020715.399548809
6,1114,5020715.399548809
6,1115,5020715.399548809
6,1116,5020715.399548809
6,1117,5020715.399548809
6,1118,5020715.399548809
6,1119,5020715.399548809
6,1120,5020715.399548809
6,1121,5020715.399548809
6,1122,5020715.399548808
6,1123,5020715.399548809
6,1124,5020715.399548809
6,1125,5020715.399548809
6,1126,5020715.399548809
6,1127,5020715.39954881
6,1128,5020715.399548809
6,1129,5020715.399548809
6,1130,5020715.399548809
6,1131,5020715.399548809
6,1132,5020715.399548809
6,1133,5020715.399548808
6,1134,5020715.399548808
6,1135,5020715.399548809
6,1136,5020715.399548808
6,1137,5020715.399548808
6,1138,5020715.399548809
6,1139,5020715.399548809
6,1140,5020715.399548809
6,1141,5020715.39954881
6,1142,5020715.39954881
6,1143,5020715.39954881
6,1144,5020715.399548808
6,1145,5020715.399548807
6,1146,5020715.399548811
6,1147,5020715.399548808
6,1148,5020715.399548809
6,1149,5020715.399548811
6,1150,5020715.399548811
6,1151,5020715.39954881
6,1152,5020715.399548809
6,1153,5020715.39954881
6,1154,5020715.399548811
6,1155,5020715.39954881
6,1156,5020715.399548811
6,1157,5020715.399548809
6,1158,5020715.399548807
6,1159,5020715.399548806
6,1160,5020715.399548805
6,1161,5020715.399548809
6,1162,5020715.399548806
6,1163,5020715.399548806
6,1164,5020715.399548807
6,1165,5020715.399548807
6,1166,5020715.399548809
6,1167,5020715.399548805
6,1168,5020715.399548806
6,1169,5020715.399548811
6,1170,5020715.399548805
6,1171,5020715.399548811
6,1172,5020715.399548813
6,1173,5020715.399548814
6,1174,5020715.399548815
6,1175,5020715.399548809
6,1176,5020715.399548814
6,1177,5020715.399548815
6,1178,5020715.399548813
6,1179,5020715.399548816
6,1180,5020715.3995488165
6,1181,5020715.399548811
6,1182,5020715.399548811
6,1183,5020715.399548811
6,1184,5020715.399548811
6,1185,5020715.399548816
6,1186,5020715.399548807
6,1187,5020715.399548804
6,1188,5020715.399548802
6,1189,5020715.3995488
6,1190,5020715.3995488025
6,1191,5020715.399548797
6,1192,5020715.399548801
6,1193,5020715.399548798
6,1194,4860747.472195212
6,1195,5020715.399548795
6,1196,4855480.141655717
6,1197,4931481.28214174
6,1198,4940390.638026482
6,1199,4718053.900460714
6,1200,4669488.31163782
6,1201,4596701.155499984
6,1202,4409479.238207819
6,1203,4131702.269572324
6,1204,4389720.532237406
6,1205,4426928.39028593
6,1206,4212477.432490949
6,1207,4167493.9347059326
6,1208,3979462.9235825622
6,1209,4237754.529453385
6,1210,4187680.718374329
6,1211,3941981.548819147
6,1212,4073067.034331327
6,1213,4005377.1682887105
6,1214,3767881.834826992
6,1215,3935646.7053145925
6,1216,3935636.9059082307
6,1217,3894890.2666592514
6,1218,3850254.1598144243
6,1219,3761203.9905418917
6,1220,3727984.956628123
6,1221,3711774.57398431
6,1222,3636531.149464604
6,1223,3540689.0406783586
6,1224,3567181.3890266283
6,1225,3543268.7728543538
6,1226,3517823.8082171716
6,1227,3555947.724872824
6,1228,3490216.5412998293
6,1229,3482742.5915423217
6,1230,3348380.6073651435
6,1231,3444832.0769045064
6,1232,3551748.663108765
6,1233,3469983.8521414483
6,1234,3351143.5224034945
6,1235,3404299.9514827817
6,1236,3384308.1826916616
6,1237,3396064.896727261
6,1238,3249371.3100666273
6,1239,3234120.317101979
6,1240,3332629.670678619
6,1241,3270055.1474658726
6,1242,3258109.946434225
6,1243,3259442.491324728
6,1244,3179093.1436681096
6,1245,3272922.8243526574
6,1246,3290347.909639114
6,1247,3161930.3114452027
6,1248,3192006.3757113595
6,1249,3232732.980181048
6,1250,3145845.259148343
6,1251,3107767.7623880794
6,1252,3167350.4772840464
6,1253,3225114.5126387356
6,1254,3114795.37615787
6,1255,3267593.257989371
6,1256,3074203.3137224163
6,1257,3141831.966276632
6,1258,3146817.373987041
6,1259,3130786.0163572356
6,1260,3096233.4384482317
6,1261,3143820.606984538
6,1262,3121076.9802573537
6,1263,3074295.785808476
6,1264,3166061.8729044334
6,1265,3120512.9716102043
6,1266,3175522.370789998
6,1267,3122291.546792289
6,1268,3137836.4203926595
6,1269,3167396.597194495
6,1270,3148657.8906685608
6,1271,3091771.3293349855
6,1272,3175428.5009271433
6,1273,3134053.124692832
6,1274,3119268.775335884
6,1275,3147443.319480909
6,1276,3094182.0393412756
6,1277,3095460.891982751
6,1278,3121546.42771909
6,1279,3075862.290179619
6,1280,3185903.7774650105
6,1281,3115550.255452782
6,1282,3202490.991606589
6,1283,3156317.6731883246
6,1284,3099807.3843449047
6,1285,3081156.785885207
6,1286,3102319.9106030683
6,1287,3038439.6049176827
6,1288,3122119.096057295
6,1289,3222558.8813261846
6,1290,3155686.3148544948
6,1291,3158300.247559174
6,1292,3155520.558601672
6,1293,3185054.2186496453
6,1294,3171108.3269135016
6,1295,3118962.4476913395
6,1296,3175578.7194930823
6,1297,3213468.637382402
6,1298,3179579.964162032
6,1299,3224448.5930089266
6,1300,3203492.904035389
6,1301,3243902.3751662653
6,1302,3223396.067572044
6,1303,3219968.839158542
6,1304,3222403.750357989
6,1305,3152934.1381833726
6,1306,3256478.827365471
6,1307,3288014.7037327816
6,1308,3187303.661615283
6,1309,3239107.4695693194
6,1310,3248165.8865859243
6,1311,3356910.1031532697
6,1312,3324112.7013717764
6,1313,3233736.2631635675
6,1314,3358309.061506163
6,1315,3389440.180428774
6,1316,3340101.470077699
6,1317,3368452.467007509
6,1318,3357007.755389687
6,1319,3413469.0189708704
6,1320,3378218.6995836156
6,1321,3404236.085708599
6,1322,3289357.0383664775
6,1323,3442222.002039311
6,1324,3324192.123819822
6,1325,3394188.1760312226
6,1326,3399070.166634017
6,1327,3308730.0492978133
6,1328,3446574.660891321
6,1329,3312903.269485449
6,1330,3254864.4684348437
6,1331,3226910.676331706
6,1332,3248367.2299641753
6,1333,3221198.016846848
6,1334,3208685.4663884705
6,1335,3102788.0096009634
6,1336,2985534.4749205844
6,1337,2969668.6913554617
6,1338,2929289.388271405
6,1339,2863400.7573705674
6,1340,2806265.2884448515
6,1341,2700377.2776330225
6,1342,2643789.1881821966
6,1343,2610154.793486854
6,1344,2599180.9729335615
6,1345,2486603.772658233
6,1346,2450501.0624476615
6,1347,2404087.4631502614
6,1348,2387215.46898289
6,1349,2343039.082245685
6,1350,2222688.7289011735
6,1351,2191577.1056973212
6,1352,2170726.096345316
6,1353,2098718.39123152
6,1354,2121978.7831698237
6,1355,2076915.7068660408
6,1356,2038956.7618027544
6,1357,2006982.3339684599
6,1358,1997274.4987081115
6,1359,1962886.258319943
6,1360,1917519.6980455578
6,1361,1880188.1987484237
6,1362,1934167.721334138
6,1363,1874314.259420547
6,1364,1896557.6855383995
6,1365,1844778.8451323132
6,1366,1819985.8491989358
6,1367,1833529.0706047108
6,1368,1839198.3056708782
6,1369,1810873.7971670912
6,1370,1819479.7689539916
6,1371,1785266.3800482834
6,1372,1788347.6811123546
6,1373,1804840.9574552274
6,1374,1774918.399167043
6,1375,1781479.3172184597
6,1376,1790216.4141270076
6,1377,1789169.5418430036
6,1378,1765675.2660156668
6,1379,1784032.8243322494
6,1380,1804178.0674981396
6,1381,1785414.7490118463
6,1382,1759931.0183985224
6,1383,1804810.3315728377
6,1384,1826808.5267757298
6,1385,1823856.244097737
6,1386,1826949.741103757
6,1387,1838745.077529373
6,1388,1839370.617459766
6,1389,1840645.2091799567
6,1390,1881497.2086689016
6,1391,1889859.284320014
6,1392,1937627.6646786942
6,1393,1966594.2931186296
6,1394,1970174.8256398493
6,1395,2036394.630030342
6,1396,2003815.7534128404
6,1397,2045664.026456726
6,1398,2091100.3048600242
6,1399,2141733.080949559
6,1400,2263083.2373477886
6,1401,2226399.137483685
6,1402,2306223.9828660414
6,1403,2417269.416122376
6,1404,2524537.447807106
6,1405,2693678.778262479
6,1406,2780743.360677304
6,1407,2860097.4746133983
6,1408,3014312.6812440953
6,1409,3177351.7559348675
6,1410,3187111.8414176023
6,1411,3197751.9791082907
6,1412,3210408.338461067
6,1413,3223224.2876886297
6,1414,3237832.8259066744
6,1415,3253509.300089511
6,1416,3270237.1827848535
6,1417,3290093.2083118716
6,1418,3310194.804900957
6,1419,3331368.550659207
6,1420,3355730.202331938
6,1421,3382019.9033674854
6,1422,3409841.5695775053
6,1423,3442677.7026234814
6,1424,3474955.0646638894
6,1425,3505829.486197481
6,1426,3547170.908679196
6,1427,3586979.1912484523
6,1428,3630494.5633031013
6,1429,3678943.0086232843
6,1430,3729758.623854783
6,1431,3781106.0712937596
6,1432,3829653.5904472913
6,1433,3890094.236084102
6,1434,3951420.837511107
6,1435,4012673.874709185
6,1436,4071509.9399896553
6,1437,4133041.240506431
6,1438,4194994.4035849
6,1439,4259001.772747053
7,1086,5020715.399548809
7,1088,5020715.39954881
7,1093,5020715.399548809
7,1097,5020715.399548809
7,1098,5020715.399548808
7,1099,5020715.399548809
7,1101,5020715.399548809
7,1102,5020715.399548809
7,1103,5020715.39954881
7,1104,5020715.39954881
7,1105,5020715.399548809
7,1107,5020715.399548809
7,1108,5020715.399548809
7,1109,5020715.39954881
7,1110,5020715.399548809
7,1111,5020715.399548809
7,1113,5020715.399548808
7,1114,5020715.399548809
7,1115,5020715.399548809
7,1116,5020715.399548809
7,1117,5020715.39954881
7,1118,5020715.399548809
7,1119,5020715.39954881
7,1120,5020715.399548809
7,1121,5020715.399548809
7,1122,5020715.399548809
7,1123,5020715.399548809
7,1124,5020715.399548809
7,1125,5020715.399548809
7,1126,5020715.399548809
7,1127,5020715.399548808
7,1128,5020715.399548809
7,1129,5020715.39954881
7,1130,5020715.399548809
7,1131,5020715.399548809
7,1132,5020715.399548808
7,1133,5020715.399548809
7,1134,5020715.399548809
7,1135,5020715.399548808
7,1136,5020715.399548808
7,1137,5020715.39954881
7,1138,5020715.399548807
7,1139,5020715.399548809
7,1140,5020715.399548808
7,1141,5020715.399548808
7,1142,5020715.399548808
7,1143,5020715.39954881
7,1144,5020715.399548809
7,1145,5020715.39954881
7,1146,5020715.39954881
7,1147,5020715.39954881
7,1148,5020715.399548809
7,1149,5020715.399548811
7,1150,5020715.39954881
7,1151,5020715.399548811
7,1152,5020715.39954881
7,1153,5020715.399548808
7,1154,5020715.39954881
7,1155,5020715.39954881
7,1156,5020715.399548809
7,1157,5020715.399548808
7,1158,5020715.399548805
7,1159,5020715.399548808
7,1160,5020715.399548805
7,1161,5020715.399548807
7,1162,5020715.399548806
7,1163,5020715.399548806
7,1164,5020715.399548805
7,1165,5020715.399548805
7,1166,5020715.399548809
7,1167,5020715.399548806
7,1168,5020715.399548806
7,1169,5020715.399548806
7,1170,5020715.399548812
7,1171,5020715.399548812
7,1172,5020715.399548813
7,1173,5020715.39954881
7,1174,5020715.399548812
7,1175,5020715.39954881
7,1176,5020715.399548815
7,1177,5020715.399548816
7,1178,5020715.399548815
7,1179,5020715.399548816
7,1180,5020715.399548815
7,1181,5020715.399548811
7,1182,5020715.399548815
7,1183,5020715.3995488165
7,1184,5020715.399548807
7,1185,5020715.3995488025
7,1186,5020715.399548805
7,1187,5020715.399548811
7,1188,5020715.399548803
7,1189,5020715.399548808
7,1190,5020715.3995488025
7,1191,5020715.399548798
7,1192,5020715.399548801
7,1193,5020715.3995488025
7,1194,5020715.399548796
7,1195,5020715.399548796
7,1196,4934386.058544478
7,1197,4604545.6725312285
7,1198,5020715.399548795
7,1199,4751019.162250911
7,1200,4753411.454135192
7,1201,4559768.112940183
7,1202,4325521.342997087
7,1203,4545057.846976253
7,1204,4303946.956871239
7,1205,4276866.334233018
7,1206,4357855.48518286
7,1207,4156238.6908708606
7,1208,4038150.8196852743
7,1209,4169857.272763159
7,1210,4054087.3346427414
7,1211,4146251.0635385863
7,1212,4115922.137464008
7,1213,3947755.3943989743
7,1214,3934490.5687265457
7,1215,3889870.4177512387
7,1216,3944840.00788198
7,1217,3670563.5333629134
7,1218,3645892.3364419895
7,1219,3793803.8645827584
7,1220,3697512.939089942
7,1221,3834809.2100737197
7,1222,3696621.5489139264
7,1223,3596954.7105831737
7,1224,3483148.850857372
7,1225,3487151.11557671
7,1226,3447470.261815296
7,1227,3436194.3336714837
7,1228,3654501.630828644
7,1229,3429877.5272723474
7,1230,3451986.4026588523
7,1231,3356557.2053777194
7,1232,3415829.922332107
7,1233,3356119.5247247326
7,1234,3398468.2240488194
7,1235,3407000.788026098
7,1236,3329769.159910425
7,1237,3323448.300817264
7,1238,3271132.6247734623
7,1239,3259041.822555126
7,1240,3392312.3089390304
7,1241,3346897.7569141192
7,1242,3268136.8461999134
7,1243,3247683.5338618406
7,1244,3237113.129235875
7,1245,3188696.438319626
7,1246,3343360.943555693
7,1247,3204135.0334994835
7,1248,3136667.1300431085
7,1249,3130422.985055106
7,1250,3150046.9351003175
7,1251,3323669.1025701645
7,1252,3233452.3413215186
7,1253,3212106.829685003
7,1254,3156336.06450512
7,1255,3179127.4844986415
7,1256,3156799.9307807083
7,1257,3182957.9565770533
7,1258,3181448.7286094455
7,1259,3195212.0647555413
7,1260,3093564.085919588
7,1261,3104152.5862765172
7,1262,3158821.800178626
7,1263,3131173.67892177
7,1264,3180833.1122892206
7,1265,3125615.4192414437
7,1266,3152884.0328754173
7,1267,3130890.7859343993
7,1268,3106944.5561930705
7,1269,3065735.232068029
7,1270,3067146.101841478
7,1271,3041689.4732575743
7,1272,3107802.5215660245
7,1273,3087573.5898570786
7,1274,2987281.6410582582
7,1275,3073359.2635227838
7,1276,3136087.191622738
7,1277,3030549.568436677
7,1278,3128275.7809940167
7,1279,3131022.641589598
7,1280,3047713.22167019
7,1281,3065206.4617229346
7,1282,3202963.999023028
7,1283,3021442.7887818646
7,1284,3042987.068303583
7,1285,3154165.456684595
7,1286,3054832.5797769125
7,1287,3089623.2535827127
7,1288,3098329.824789055
7,1289,3076324.7543316414
7,1290,3119034.811796755
7,1291,3066780.7726086685
7,1292,3212712.4995273417
7,1293,3132335.2007593787
7,1294,3175894.2176986714
7,1295,3153726.1560376887
7,1296,3245835.054738834
7,1297,3162247.9362406316
7,1298,3171869.7676227465
7,1299,3156175.422440199
7,1300,3189800.914348843
7,1301,3219525.925713566
7,1302,3267943.6044078986
7,1303,3343917.611575202
7,1304,3291796.293842922
7,1305,3319720.462935393
7,1306,3233089.3370032054
7,1307,3298357.464787944
7,1308,3252527.099326454
7,1309,3377018.983244378
7,1310,3312990.7419911157
7,1311,3205912.015658482
7,1312,3287411.390214435
7,1313,3327548.064856237
7,1314,3330182.430151476
7,1315,3312026.2557025114
7,1316,3277641.502210024
7,1317,3268146.21022502
7,1318,3336767.5747044985
7,1319,3341551.5384760187
7,1320,3510147.4394042226
7,1321,3477261.3399583152
7,1322,3451060.1830827
7,1323,3382925.7403574884
7,1324,3423462.423001354
7,1325,3442747.2312462158
7,1326,3380107.671078795
7,1327,3349643.565460248
7,1328,3205279.6003307533
7,1329,3270121.426633797
7,1330,3294498.8554245713
7,1331,3368137.9101693034
7,1332,3165624.9035235904
7,1333,3178233.443367436
7,1334,3110400.726466849
7,1335,3109030.789433038
7,1336,3076900.8451381424
7,1337,2978243.227910641
7,1338,2893547.934561289
7,1339,2880509.5206354503
7,1340,2751710.557603916
7,1341,2698035.10982959
7,1342,2740672.2499222285
7,1343,2582233.406483828
7,1344,2597446.8675476243
7,1345,2537111.63248386
7,1346,2398048.894170649
7,1347,2387088.197898004
7,1348,2377423.1611830005
7,1349,2306315.909805565
7,1350,2232956.0752983503
7,1351,2220855.5554950675
7,1352,2181301.2931504813
7,1353,2120586.456334673
7,1354,2030891.8664379965
7,1355,2074604.8915078049
7,1356,2053358.1406144435
7,1357,1989647.130706919
7,1358,1989315.4945811175
7,1359,1938275.2913234197
7,1360,1954058.0429326908
7,1361,1898987.4289791025
7,1362,1869306.7479689503
7,1363,1868292.5199012086
7,1364,1848335.0275392726
7,1365,1867570.487162633
7,1366,1836111.1731622652
7,1367,1810164.0456362239
7,1368,1823935.912704794
7,1369,1813739.2729819398
7,1370,1796319.1031845245
7,1371,1788619.278338827
7,1372,1793907.933929105
7,1373,1800166.8577533434
7,1374,1803866.1609586484
7,1375,1777169.3546738524
7,1376,1786943.0868201703
7,1377,1806594.9863223496
7,1378,1772895.9490044331
7,1379,1745766.4175817869
7,1380,1777101.3600430074
7,1381,1799779.6073906063
7,1382,1812448.4321543612
7,1383,1829211.8463858042
7,1384,1800226.5184117309
7,1385,1839268.347990095
7,1386,1812243.0829523213
7,1387,1851797.4512064708
7,1388,1865801.6517937297
7,1389,1881640.00058201
7,1390,1837636.549365599
7,1391,1911743.1798252112
7,1392,1888765.119790501
7,1393,1931747.7824313296
7,1394,1924917.805131252
7,1395,1972189.8657310088
7,1396,2016119.50908017
7,1397,2102875.663925216
7,1398,2147199.0547881005
7,1399,2180349.8611553907
7,1400,2225312.2729351716
7,1401,2223365.2797523295
7,1402,2350749.607674992
7,1403,2409480.283043228
7,1404,2536003.6118834023
7,1405,2550846.699565351
7,1406,2687645.189167078
7,1407,2862073.3095014873
7,1408,2904542.3440350792
7,1409,3016763.7326148455
7,1410,3182372.305257243
7,1411,3198179.287798287
7,1412,3210073.788587334
7,1413,3223540.6114403293
7,1414,3238263.111872131
7,1415,3252781.1560596614
7,1416,3270432.9655845
7,1417,3288342.5952513623
7,1418,3309476.9635823504
7,1419,3331169.452789501
7,1420,3356262.891972895
7,1421,3381033.134990135
7,1422,3410704.400165333
7,1423,3440280.3894456965
7,1424,3474226.2850554134
7,1425,3510175.455357872
7,1426,3547482.1070772028
7,1427,3582751.386049653
7,1428,3629714.6706948923
7,1429,3678443.16561216
7,1430,3729651.79735991
7,1431,3777943.115171337
7,1432,3835213.034000085
7,1433,3893581.4569057035
7,1434,3953986.837118979
7,1435,3994823.055427626
7,1436,4072040.9755310407
7,1437,4123495.2033637958
7,1438,4190224.9532984886
7,1439,4261669.839507351
